STN code,Monitoring Location,Type Water Body,State Name,latitude,longitude,river_cluster
4085,"RIVER JUMAR AT BIT MESRA, RANCHI",RIVER,JHARKHAND,23.411517,85.402979,GANGA
2396,RIVER JUMAR AT KANKE DAM,RIVER,JHARKHAND,23.455233,85.310539,GANGA
2401,RIVER AJAY AT MASANJORE DAM,RIVER,JHARKHAND,24.112461,87.310836,GANGA
3554,"RIVER KONAR NEAR SWANG COAL WASHERY, BOKARO",RIVER,JHARKHAND,23.79413,85.863369,GANGA
2390,RIVER KONAR AT TENUGHAT DAM,RIVER,JHARKHAND,23.780586,85.876131,GANGA
4000,RIVER GARGA NEAR TELMUCHO BRIDGE,RIVER,JHARKHAND,23.7127,86.192737,GANGA
2381,RIVER BOKARO AT ZARANGDIH BRIDGE,RIVER,JHARKHAND,23.770609,85.922067,GANGA
1034,"RIVER SANKH AT BOLBA, JHARKHAND",RIVER,JHARKHAND,22.460644,84.331716,MAHANADI
2392,RIVER BARAKAR AT MAITHAN DAM,RIVER,JHARKHAND,23.785806,86.813612,GANGA
3555,"RIVER DAMODAR NEAR ZARANGDIH BRIDGE, BOKARO",RIVER,JHARKHAND,23.771032,85.913316,GANGA
4083,"RIVER DAMODAR NEAR ROHINI PROJECT, NK AREA, PO-DAKRA, RANCHI",RIVER,JHARKHAND,23.68358,85.008402,GANGA
3553,RIVER DAMODAR NEAR TELMUCHO BRIDGE,RIVER,JHARKHAND,23.718122,86.201578,GANGA
1510,RIVER TONS AT TIUNI (HIMACHAL PRADESH/UTTRA KHAND BORDER),RIVER,HIMACHAL PRADESH,30.556089,77.777152,YAMUNA
30023,RIVER TONS AT HARIPUR (U.K.),RIVER,UTTARAKHAND,30.517139,77.818659,YAMUNA
4027,RIVER GIRI D/S RAJGARH TOWN,RIVER,HIMACHAL PRADESH,30.799381,77.282001,YAMUNA
4028,"RIVER GIRI D/S KALGIDHAR TRUST, BARU SAHIB",RIVER,HIMACHAL PRADESH,30.760455,77.303572,YAMUNA
4427,RIVER GIRI U/S CHAILLA,RIVER,HIMACHAL PRADESH,30.914863,77.243539,YAMUNA
2621,RIVER GIRI AT D/S YASHWANT NAGAR AFTER CONF. WITH ASHWANI KHAD AT YASHWANT NAGAR- NEAR SHANI MANDIR,RIVER,HIMACHAL PRADESH,30.882006,77.211344,YAMUNA
3876,RIVER GIRI AFTER CONFLUENCE OF ASHWANI RIVER AT VILLAGE MARYOG,RIVER,HIMACHAL PRADESH,30.891819,77.21002,YAMUNA
2622,RIVER GIRI AT U/S CCI MINES AT VILLAGE NADI,RIVER,HIMACHAL PRADESH,30.522537,77.667622,YAMUNA
2623,RIVER GIRI D/S SATAUN,RIVER,HIMACHAL PRADESH,30.552658,77.643922,YAMUNA
3877,RIVER GIRI U/S LWSS AT SAINJ,RIVER,HIMACHAL PRADESH,31.769476,77.306086,OTHER
3878,RIVER GIRI D/S LWSS AT SAINJ,RIVER,HIMACHAL PRADESH,31.785054,77.330491,OTHER
3860,"RIVER GIRI D/S CEMENT CORPORATION OF INDIA, RAJBAN AT BANGRAN BRIDGE",RIVER,HIMACHAL PRADESH,30.526326,77.66857,YAMUNA
1614,"RIVER BETWA NEAR WATER SUPPLY INTAKE WELL , VIDISHA(M.P)",RIVER,MADHYA PRADESH,23.541173,77.801938,NARMADA
2107,"RIVER BETWA AT U/S AT MAHUTA GHAT, AGASOD, BINA",RIVER,MADHYA PRADESH,25.767472,79.331309,YAMUNA
2108,"RIVER BETWA AT M/S J.P. THERMAL POWER, BINA",RIVER,MADHYA PRADESH,24.317042,78.127198,NARMADA
2124,"RIVER BETWA AT CHARANTIRGHAT, VIDISHA",RIVER,MADHYA PRADESH,23.540606,77.802246,NARMADA
2125,RIVER BETWA D/S AFTER MIXING OF RIVER BAIS AT VIDISHA,RIVER,MADHYA PRADESH,23.550512,77.79947,NARMADA
3832,RIVER BETWA AT U/S NEAR ROAD BRIDGE ORCHHA,RIVER,MADHYA PRADESH,25.393032,78.661879,YAMUNA
30080,"RIVER BETWA AT KANJIA ROAD BRIDGE, KANJIA DIST.ASHOK NAGAR (M.P.)",RIVER,MADHYA PRADESH,24.398043,78.17802,NARMADA
2953,"RIVER KALI SINDH AT ANICUT OF M/S CFCL GADEPAN, KOTA, RAJASTHAN",RIVER,RAJASTHAN,25.160724,76.22887,YAMUNA
2956,"RIVER KALI SINDH AT BAROD ROAD BRIDGE, KOTA, RAJASTHAN",RIVER,RAJASTHAN,25.393522,76.327061,YAMUNA
2951,"RIVER BANAS BISULPUR DAM, TONK, RAJASTHAN",RIVER,RAJASTHAN,25.905847,75.463861,YAMUNA
2952,"RIVER NEAR NEWTA DAM,JAIPUR,RAJSTHAN",RIVER,RAJASTHAN,26.919491,75.930328,YAMUNA
2955,"RIVER CHAMBAL ENTERING IN RAJASTHAN AT GANDHI SAGAR DAM, RAWATBHATA,CHITTORGARH",RIVER,RAJASTHAN,24.07656,75.526392,NARMADA
3309,"RIVER CHAMBAL AT TAL VILLAGE NEAR BRIDGE, UJJAIN",RIVER,MADHYA PRADESH,23.725166,75.377851,NARMADA
4349,"SEA WATER, BAY OF BENGAL, AFTER CONFLUENCE OF MARINE OUTFALL OF M/S.AUROBINDO PHARMA LTD. PYDIBHEEMAVARAM (V), RANASTHALAM (M)",MARINE,ANDHRA PRADESH,18.0783,83.664886,MAHANADI
4352,"SEA WAER BAY OF BENGAL, AFTER CONFLUENCE OF MARINE OUTFALL OF M/S MATRIX LABORATORIES LTD THAMMAYYAPALEM (V) PUSAPATIREGA (M)",MARINE,ANDHRA PRADESH,18.031067,83.602401,MAHANADI
4357,"RUSHIKONDA BEACH,VISAKHAPATNAM",BEACH,ANDHRA PRADESH,17.782025,83.385284,GODAVARI
4361,"SEA WATER BAY BENGAL, UPPADA BEACH ROAD, KAKINADA",BEACH,ANDHRA PRADESH,17.076024,82.335507,GODAVARI
4362,"SEA WATER, BAY OF BENGAL NEAR DEEP WATER PORT, KAKINADA (1KM AWAY FROM JETTY)",SEA,ANDHRA PRADESH,16.970619,82.280728,GODAVARI
4363,"SEA WATER BAY OF BENGAL NEAR KUMBHABHISHEKAM TEMPALE, KAKINADA",SEA,ANDHRA PRADESH,16.957749,82.269867,GODAVARI
4371,"SEA WATER, BAY OF BENGAL AFTER CONFLUENCE OF RIVER VASHISTA GODAVARI AT CHINNAMAINAVARILANKA (V), NARSAPUR (M)",MARINE,ANDHRA PRADESH,16.319709,81.70582,GODAVARI
4378,"SEA WATER, BAY OF BENGAL, MANGINAPUDI BEACH, MACHILIPATNAM (V & M)",BEACH,ANDHRA PRADESH,16.242517,81.241292,GODAVARI
4383,"SEA WATER BAY OF BENGAL, FISHING HARBOUR, NIZAMPATNAM (V & M)",MARINE,ANDHRA PRADESH,15.877884,80.652347,KRISHNA
4385,"SEA WATER, BAY OF BENGAL, KOTHAPATNAM BEACH",BEACH,ANDHRA PRADESH,15.419125,80.168512,KRISHNA
4386,"SEA WATER, BAY OF BENGAL, VODAREVU BEACH, CHIRALA",BEACH,ANDHRA PRADESH,15.780704,80.411638,KRISHNA
4387,"SEA WATER, BAY OF BENGAL, KRISHNAPATNAM PORT",MARINE,ANDHRA PRADESH,14.252922,80.110153,KRISHNA
4013,TIRACOL BEACH,BEACH,GOA,15.720857,73.68186,KRISHNA
4014,MIRAMAR BEACH,BEACH,GOA,15.482664,73.807302,KRISHNA
4015,CALANGUTE BEACH,BEACH,GOA,15.531787,73.75851,KRISHNA
4016,MORJIM BEACH,BEACH,GOA,15.629169,73.725747,KRISHNA
3051,"BUDAMERU CANAL NEAR BDG AT NH-5, KEESARAPALLI (V), GANNAVARAM (M)",CANAL,ANDHRA PRADESH,16.518542,80.77469,GODAVARI
4356,"ELERU CANAL, NEAR PHARMA CITY,THADI (V),PARAVADA (M)",CANAL,ANDHRA PRADESH,16.720398,81.108729,GODAVARI
4370,"KRISHNA CANAL AT HANUMAN NAGAR, NEAR SAIBABA TEMPLE, ELURU",CANAL,ANDHRA PRADESH,16.752674,81.02373,KRISHNA
2354,"SAMARLA KOTA CANAL,SAMARLA KOTA (V & M)",CANAL,ANDHRA PRADESH,17.042624,82.166873,GODAVARI
4374,"GOSTTA NADI- VELPURU CANAL AT HANUMAN TEMPLE, DOWNSTREAM OF TANUKU TOWN, TANUKU",CANAL,ANDHRA PRADESH,16.709955,81.547483,GODAVARI
2057,"AGRA CANAL, MADANPUR KHADAR, DELHI",CANAL,DELHI,28.546369,77.312597,YAMUNA
1479,"WESTERN YAMUNA CANAL AT HAIDERPUR WATER WORKS, DELHI",CANAL,DELHI,28.72121,77.139675,YAMUNA
2265,"CANAL UP STREAM OF CUNCOLIM INDL.EST. CUNCOLIM, SALCETE (1 KM FROM M/S NICOMENT INDUSTRIES)",CANAL,GOA,15.182391,73.990575,KRISHNA
2266,"CANAL DOWNSTREAM OF CUNCOLIM INDL.EST. CUNCOLIM, SALCETE (NEAR RAILWAY BRIDGE)",CANAL,GOA,15.16806,74.010058,KRISHNA
2268,CUMBARJUA CANAL CORLIM(DISCHARGE POINT OF SYNGENTA LIMITED),CANAL,GOA,15.502818,73.949118,KRISHNA
2073,"NARMADA MAIN CANAL, NR. VILLAGE. LIMBADIA, DIST. GANDHINAGAR,NARMADA CANAL AT LIMBADIYA",CANAL,GUJARAT,23.134936,72.611525,NARMADA
5521,"NEAR AZARA RAILWAY STATION, GANAKPARA CHAKARDOI",LAKE,ASSAM,,,OTHER
5522,AT THE CENTER OF DEEPORBEEL,LAKE,ASSAM,,,OTHER
3821,"DIPLAI BEEL AT SILGARA, KOKRAJHAR",LAKE,ASSAM,26.236174,90.300305,BRAHMAPUTRA
5619,DOLOO LAKE AT CACHAR,LAKE,ASSAM,,,OTHER
1263,"ELANGABEEL SYSTEM (CONNECTED TO R. KOLONG), ASSAM",LAKE,ASSAM,26.132906,92.206483,BRAHMAPUTRA
5623,"HAFLONG LAKE, HAFLONG TOWN",LAKE,ASSAM,,,OTHER
3787,"HOLLUNGA BEEL NEAR GAI NADI/ RIVER AT SOMARAJAN, DHEMA JI",LAKE,ASSAM,27.644285,94.691039,BRAHMAPUTRA
5617,"JUGIBEEL , GOLAGHAT",LAKE,ASSAM,,,OTHER
4337,"KAMALABARI LAKE INSIDE KAMALABARI CHILDREN'S PARK, GELEKY",LAKE,ASSAM,26.77465,94.6681,BRAHMAPUTRA
3812,"KAMALPUR BEEL, KAMALPUR",LAKE,ASSAM,26.345545,91.677656,BRAHMAPUTRA
5621,"LAUKHOWABEEL,DHUBRI",LAKE,ASSAM,,,OTHER
3783,"MAGURI BEEL, GUIJAN, TINSUKIA",LAKE,ASSAM,27.578879,95.328004,BRAHMAPUTRA
5622,"MAGURI BEEL NEAR BRIDGE,TINSUKIA",LAKE,ASSAM,,,OTHER
3800,MALINI BEEL NEAR INDUTRIAL AREA AT RAMNAGAR,LAKE,ASSAM,24.845637,92.770562,BRAHMAPUTRA
2205,"MER BEEL AT MADHABPUR, ASSAM",LAKE,ASSAM,27.316822,95.212211,BRAHMAPUTRA
5620,"PANIDIHING BIRD SANCTUARY ,SIVASAGAR",LAKE,ASSAM,,,OTHER
3808,PARASHALI BEEL AT DEMORIA,LAKE,ASSAM,26.135742,92.073475,BRAHMAPUTRA
3798,SAMAGURI BEEL IN NAGAON DISTRICT,LAKE,ASSAM,26.347108,92.68831,BRAHMAPUTRA
2215,"SARAN BEEL, ASSAM",LAKE,ASSAM,26.233911,92.300531,BRAHMAPUTRA
3814,"SILSAKO BEEL, CHACHAL, GUWAHATI",LAKE,ASSAM,26.185816,91.741047,BRAHMAPUTRA
3804,SON BEEL WATER AT KARIMGANJ,LAKE,ASSAM,24.689305,92.432391,BRAHMAPUTRA
3819,"SORU SOLA BEEL, PALTAN BAZAR, GUWAHATI",LAKE,ASSAM,26.17884,91.752905,BRAHMAPUTRA
2225,"BASKANDI POND INSIDE THE BASKANDI MADRASA, BASKANDI, ASSAM",POND,ASSAM,24.808267,92.916244,BRAHMAPUTRA
2214,"BATODRAWA SATRA POND, NAGAON, ASSAM",POND,ASSAM,26.331139,92.68575,BRAHMAPUTRA
2219,"BISHNU PUSKAR PUKHURI OF HAYAGRIB MADHAB TEMPLE, HAJO, ASSAM",POND,ASSAM,26.244314,91.525994,BRAHMAPUTRA
2208,"BORPUKHURI, NAZIRA, ASSAM",POND,ASSAM,26.98035,94.634636,BRAHMAPUTRA
3772,BORPUKHURI AT SONARI,POND,ASSAM,27.063845,94.954788,BRAHMAPUTRA
2216,"DIGHALI PUKHURI, GUWAHATI, ASSAM",POND,ASSAM,26.187326,91.751182,BRAHMAPUTRA
2221,"GANGA PUKHURI, NALBARI (GORDON SCHOOL), ASSAM",POND,ASSAM,26.375677,91.454077,GANGA
2209,"GAURISAGAR TANK, GAURISAGAR, ASSAM",POND,ASSAM,26.943433,94.539514,BRAHMAPUTRA
2212,"GOPHUR TANK, GOPHUR, ASSAM",POND,ASSAM,26.883105,93.615453,BRAHMAPUTRA
2227,"HARDOI PUKHURI, CHARAIDEW, ASSAM",POND,ASSAM,26.948914,94.871519,BRAHMAPUTRA
2213,"JAIPAL PUKHURI, SIPAJHAR, ASSAM",POND,ASSAM,26.42838,91.889031,BRAHMAPUTRA
1532,"JAYSAGAR TANK, SIVASAGAR, ASSAM",POND,ASSAM,26.953467,94.624919,BRAHMAPUTRA
3809,JORPUKHURI AT UZANBAZAR (UGRATALA TEMPLE),POND,ASSAM,26.19194,91.748766,BRAHMAPUTRA
2223,"MAHAMAYA MANDIR PUKHURI, ASSAM",POND,ASSAM,26.213095,90.120341,BRAHMAPUTRA
4006,NETAI PUKHURI AT NETAI PUKHURI,POND,ASSAM,27.208485,94.74042,BRAHMAPUTRA
2211,"PADUMPUKHURI, TEZPUR, ASSAM",POND,ASSAM,26.622356,92.792886,BRAHMAPUTRA
2222,"RAJADINIA PUKHURI AT ABHAYAPURI, ASSAM",POND,ASSAM,26.321125,90.660519,BRAHMAPUTRA
2224,"RAJAPUKHURI AT GAURIPUR, ASSAM",POND,ASSAM,26.093677,89.960368,BRAHMAPUTRA
2210,"RAJMAW PUKHURI, JORHAT, ASSAM",POND,ASSAM,26.755125,94.209599,BRAHMAPUTRA
3806,POND WATER FROM RAMKRISHNA MISSION AT HAILAKANDI,POND,ASSAM,24.674821,92.561422,KRISHNA
2226,"SIVASAGAR TANK (BORPUKHURI) NEAR SIVADOL, ASSAM",POND,ASSAM,26.9919,94.632189,BRAHMAPUTRA
2217,"SUBHAGYA KUNDA POND KAMAKHYA TEMPLE, GUWAHATI, ASSAM",POND,ASSAM,26.166621,91.705616,BRAHMAPUTRA
3775,TENGA PUKHURI AT TENGAPUKHURI,POND,ASSAM,26.926567,94.821223,BRAHMAPUTRA
4334,"THOWRADOLE PUKHURI, THOWRADOLE G.P. DEMOW BLOCK",POND,ASSAM,27.083481,94.698397,BRAHMAPUTRA
2267,"CREEK AT DANDO MOLLO, VELSAO, MAMUGAO",CREEK,GOA,15.354489,73.883148,KRISHNA
4017,MOBOR BEACH,BEACH,GOA,15.156355,73.944955,KRISHNA
2355,"TULJE BAGH CANAL, TEKRI DRAIN, KAKINADA, EAST GODAVARI",CANAL,ANDHRA PRADESH,16.854914,82.231328,GODAVARI
2074,"TAPI CANAL AT VILLAGE UMARWADA, NEAR GIDC ESTATE OF PANOLI.",CANAL,GUJARAT,21.589419,72.975333,TAPI
4421,"FROM NARMADA MAIN CANAL AT INDORAHMEDABAD HIGHWAY BRIDGE NEAR VILLAGE MOTIKANTADI TAL, GODHRA, DIST PANCHMAHAL",CANAL,GUJARAT,22.803282,73.42819,NARMADA
1013,RIVER SUTLEJ AT U/S TATAPANI,RIVER,HIMACHAL PRADESH,31.247458,77.088208,YAMUNA
4446,RIVER SUTLEJ U/S LANDFILL SITE RAMPUR,RIVER,HIMACHAL PRADESH,31.448534,77.63401,YAMUNA
4447,RIVER STLUJ D/S LANDFILL SITE RAMPUR,RIVER,HIMACHAL PRADESH,31.443072,77.627852,YAMUNA
4032,RIVER SUTLEJ U/S KHAIRIAN SOLID WASTE DUMPING SITE BILASPUR,RIVER,HIMACHAL PRADESH,31.339444,76.751667,YAMUNA
4033,RIVER SUTLEJ D/S KHAIRIAN SOLID WASTE DUMPING SITE BILASPUR,RIVER,HIMACHAL PRADESH,31.358333,76.760278,YAMUNA
4450,RIVER SUTLEJ U/S CONFLUENCE WITH GANVI KHAND,RIVER,HIMACHAL PRADESH,31.547992,77.792487,OTHER
4451,RIVER SUTLEJ D/S CONFLUENCE WITH GANVI KHAND,RIVER,HIMACHAL PRADESH,31.536062,77.777423,OTHER
30009,RIVER SUTLEJ AT NANGAL (H.P.),RIVER,HIMACHAL PRADESH,31.407469,76.389551,YAMUNA
1014,RIVER SUTLEJ AT U/S SLAPPER,RIVER,HIMACHAL PRADESH,31.421014,76.837836,YAMUNA
1015,RIVER SUTLEJ AT D/S SLAPPER,RIVER,HIMACHAL PRADESH,31.412833,76.874881,YAMUNA
1016,RIVER SUTLEJ AT D/S BHAKHRA,RIVER,HIMACHAL PRADESH,31.425772,76.421883,YAMUNA
30010,RIVER SUTLEJ AT NOORPUR BEDI ROAD (PUNJAB),RIVER,PUNJAB,31.035309,76.52233,YAMUNA
1814,"RIVER SUTLEJ AT D/S KIRATPUR SAHIB, PUNJAB",RIVER,PUNJAB,31.182044,76.563547,YAMUNA
3052,"GUNTATHIPPA DRAIN B/C WITH RIVES CANAL AT RAMAVARAPPADU, VIJAYAWADA TOWN",DRAIN,ANDHRA PRADESH,16.525092,80.68445,GODAVARI
3053,"TULIA BAGH DRAIN AT MATLAPALEM (V), VEMULAVADA (M)",DRAIN,ANDHRA PRADESH,16.875379,82.14765,GODAVARI
4861,"NEAR HUDA/ HSVP WATER WORKS, BASAI, GURUGRAM",WATER TREATMENT PLANT (RAW WATER),HARYANA,28.463819,76.97367,YAMUNA
3047,WATER WORKS- GURGAON,WATER TREATMENT PLANT (RAW WATER),HARYANA,28.461753,76.971806,YAMUNA
4464,ALHI KHAD NEAR INTAKE WSS AT VILL. NOG,DRAIN,HIMACHAL PRADESH,31.3725,76.783889,YAMUNA
3868,BARAGRAM NALLAH BEFORE CONFLUENCE TO RIVER BEAS,DRAIN,HIMACHAL PRADESH,32.138571,77.153347,OTHER
3881,"BHATIAN NALLAH D/S SARA TEXTILE, NALAGARH",DRAIN,HIMACHAL PRADESH,31.030967,76.66358,YAMUNA
3879,"BHATIAN NALLAH U/S BHATIAN VILLAGE, NEAR TVS INDUSTRY, NALAGARH",DRAIN,HIMACHAL PRADESH,31.062396,76.681898,YAMUNA
4425,RAW WATER FOR LWSS OF CHURAT NALLAH,DRAIN,HIMACHAL PRADESH,31.106236,77.222166,YAMUNA
4463,DHANESHAR NALLAH (U/S SAINJ WATER SUPPLY SCHEME) NEAR GYASI MATA MANDIR,DRAIN,HIMACHAL PRADESH,31.772254,77.312634,OTHER
4474,HALOG NALLAH NEAR HALOG WATER SUPPLY SCHEME,DRAIN,HIMACHAL PRADESH,31.430443,77.672045,YAMUNA
4481,HATHLI NALLAH LIFT WATER SUPPLY SCHEME FOR MUNICIPAL COUNCIL HAMIRPUR,DRAIN,HIMACHAL PRADESH,31.680795,76.514661,OTHER
5253,"HURLA NALLA D/S HURLA BRIDGE, VPO HURLA, TEHSIL BHUNTER, DIS. KULLU",DRAIN,HIMACHAL PRADESH,,,OTHER
4426,RAW WATER FOR LWSS OF JAGROTI NALLAH,DRAIN,HIMACHAL PRADESH,31.52616,77.132184,OTHER
4454,JARANGLA NALLAH U/S WATER SUPPLY SCHEME,DRAIN,HIMACHAL PRADESH,32.530703,76.137886,OTHER
4466,JARANGLA NALLAH D/S WATER SUPPLY SCHEME,DRAIN,HIMACHAL PRADESH,32.563007,76.121001,OTHER
5257,"KALAM NALLA D/S OF MSW PROCESSING SITE AT CHOWRI, DIST. CHAMBA",DRAIN,HIMACHAL PRADESH,,,OTHER
4477,KHALADA NALLAH NEAR WATER SUPPLY SCHEME FOR KULLU TOWN,DRAIN,HIMACHAL PRADESH,31.975111,77.125025,OTHER
4455,KLUIN NALLAH U/S WATER SUPPLY SCHEME,DRAIN,HIMACHAL PRADESH,32.565435,76.119305,OTHER
4482,LIFT WATER SUPPLY SCHEME (PANJARAR) AND BHOTA ROPARI & UJHAN,DRAIN,HIMACHAL PRADESH,31.614417,76.459929,OTHER
4036,"KUNNI PUL, VILL SAMAHU, PO KUNIHAR, TEHSIL ARKI",DRAIN,HIMACHAL PRADESH,31.086917,76.956937,YAMUNA
4430,LIFT NALLAH BEFORE CONFLUENCE TO ASHWANI KHAD NEAR DOGRHA BRIDGE,DRAIN,HIMACHAL PRADESH,31.14587,77.103988,YAMUNA
4475,"MACHADA NALLAH, MAJHOUTI WATER SUPPLY SCHEME NEAR NIRATH",DRAIN,HIMACHAL PRADESH,31.914969,76.675416,OTHER
4476,MANALSU NALLAH NEAR WATER SUPPLY SCHEME FOR MANALI TOWN,DRAIN,HIMACHAL PRADESH,32.255479,77.187175,OTHER
4034,SAHU NALLAH U/S BHURI SINGH SHEP,DRAIN,HIMACHAL PRADESH,32.774166,76.135555,OTHER
4035,SAHU NALLAH D/S BHURI SINGH SHEP,DRAIN,HIMACHAL PRADESH,32.77,76.188611,OTHER
4462,SAINJ NALLAH (U/S SAINJ WATER SUPPLY SCHEME AT DARGI),DRAIN,HIMACHAL PRADESH,31.769067,77.294816,OTHER
3867,SARVARI NALLAH BEFORE CONFLUENCE TO RIVER BEAS,DRAIN,HIMACHAL PRADESH,31.959208,77.113219,OTHER
1870,"SUKHANA NALLAH AT PARWANOO NEAR KALKA BARRIER, EXIT POINT OF H. P.",DRAIN,HIMACHAL PRADESH,30.83115,76.967303,YAMUNA
3875,SURAJMUKHI NALLAH U/S WSS GALAYANA D/S OF SHOOLINI UNIVERSITY,DRAIN,HIMACHAL PRADESH,30.864266,77.118755,YAMUNA
4480,SURAJMUKHI NALLAH D/S STP AT U/S OF SHOOLINI UNIVERSITY SAMTI SOLAN,DRAIN,HIMACHAL PRADESH,30.861211,77.123345,YAMUNA
2789,"NALA AT D/S OF AKLAI MANDIR, VILLAGE- AKLAI, TALUKA- MALSHIRAS, DISTRICT- SOLAPUR.",DRAIN,MAHARASHTRA,17.89403,75.026582,KRISHNA
2178,"CHIKHALI NALA MEETS GODAVARI RIVER, VILLAGE- CHIKHALI, TALUKA- NASHIK, DISTRICT- NASHIK.",DRAIN,MAHARASHTRA,18.68309,73.819812,GODAVARI
2790,"PIMPAL-PANERI NALA AT RATNAGIRI NEAR FINOLEX INDUSTRIES, VILLAGE- YAHGANIGAON, TALUKA- RATNAGIRI, DISTRICT- RATNAGIRI.",DRAIN,MAHARASHTRA,16.890396,73.335499,KRISHNA
3923,GURADIH NALLAH AT PANPOSH,DRAIN,ODISHA,22.23754,84.803447,MAHANADI
20046,MADURAI,STP,TAMIL NADU,9.871421,78.104005,OTHER
3054,"RIVER GODAVARI - OUTLET OF ASH POND EFFLUENTS OF M/S.NTPC, RAMAGUNDAM",DRAIN,TELANGANA,18.758647,79.451014,GODAVARI
4665,"RIVER MANERU (TRIBUTARY OF GODAVARI) - OUTLET OF KTPP ASH POND JOINING TO MORANCHA VAGU, CHELPUR (V), GHANPUR (MULUGU) (M), , JAYASHANKAR BHUPALAPALLI DISTRICT",DRAIN,TELANGANA,18.387251,79.832883,GODAVARI
3055,"AMBERPET STP (339 MLD) - OUTLET , AMBERPET (V&M), HYDERABAD",STP,TELANGANA,17.375853,78.529522,GODAVARI
3050,WATER WORKS- GHAZIABAD,WATER TREATMENT PLANT (RAW WATER),UTTAR PRADESH,28.643984,77.405794,YAMUNA
